0,/wiki/Amazing_X-Men_TPB_Vol_1_2:_World_War_Wendigo,Amazing X-Men TPB Vol 1 2: World War Wendigo				
1,/wiki/Creepy_Worlds_Vol_1_41,Creepy Worlds Vol 1 41				
2,/wiki/Crossover_Vol_1_2,Crossover Vol 1 2				
3,/wiki/Crossover_Vol_1_3,Crossover Vol 1 3				
4,/wiki/Crossover_Vol_1_4,Crossover Vol 1 4				
5,/wiki/Crossover_Vol_1_5,Crossover Vol 1 5				
6,/wiki/Crossover_Vol_1_6,Crossover Vol 1 6				
7,/wiki/Crossover_Vol_1_7,Crossover Vol 1 7				
8,/wiki/Daily_Bugle_Vol_2_2,Daily Bugle Vol 2 2				
9,/wiki/Daily_Bugle_Vol_2_3,Daily Bugle Vol 2 3				
10,/wiki/Daily_Bugle_Vol_2_4,Daily Bugle Vol 2 4				
11,/wiki/Daily_Bugle_Vol_2_5,Daily Bugle Vol 2 5				
12,/wiki/Daily_Bugle_Vol_2_6,Daily Bugle Vol 2 6				
13,/wiki/Daily_Bugle_Vol_2_7,Daily Bugle Vol 2 7				
14,/wiki/Das_Monster_von_Frankenstein_Vol_1_33,Das Monster von Frankenstein Vol 1 33				
15,/wiki/Freddy_Krueger%27s_A_Nightmare_on_Elm_Street_Vol_1_3,Freddy Krueger's A Nightmare on Elm Street Vol 1 3				
16,/wiki/HIP_Comics_Vol_1_19111,HIP Comics Vol 1 19111				
17,/wiki/HIP_Comics_Vol_1_19114,HIP Comics Vol 1 19114				
18,/wiki/HIP_Comics_Vol_1_19118,HIP Comics Vol 1 19118				
19,/wiki/HIP_Comics_Vol_1_19119,HIP Comics Vol 1 19119				
20,/wiki/HIP_Comics_Vol_1_1955,HIP Comics Vol 1 1955				
21,/wiki/HIP_Comics_Vol_1_1971,HIP Comics Vol 1 1971				
22,/wiki/HIP_Comics_Vol_1_1972,HIP Comics Vol 1 1972				
23,/wiki/HIP_Comics_Vol_1_1987,HIP Comics Vol 1 1987				
24,/wiki/HIP_Comics_Vol_1_1989,HIP Comics Vol 1 1989				
25,/wiki/HIP_Comics_Vol_1_1995,HIP Comics Vol 1 1995				
26,/wiki/Iron_Man:_Viva_Las_Vegas_Vol_1_3,Iron Man: Viva Las Vegas Vol 1 3				
27,/wiki/Marvel_Fact_Files_Vol_1_102,Marvel Fact Files Vol 1 102				
28,/wiki/Miracleman_by_Gaiman_%26_Buckingham:_The_Silver_Age_Vol_1_2,Miracleman by Gaiman & Buckingham: The Silver Age Vol 1 2				
29,/wiki/Miracleman_by_Gaiman_%26_Buckingham:_The_Silver_Age_Vol_1_3,Miracleman by Gaiman & Buckingham: The Silver Age Vol 1 3				
30,/wiki/Newuniversal:_Shockfront_Vol_1_3,Newuniversal: Shockfront Vol 1 3				
31,/wiki/Sgt_Fury_and_his_Howling_Commandos_Vol_1_123,Sgt Fury and his Howling Commandos Vol 1 123				
32,/wiki/Sinister_Tales_Vol_1_106,Sinister Tales Vol 1 106				
33,/wiki/Spider-Man_(DK)_Vol_1_10,Spider-Man (DK) Vol 1 10				
34,/wiki/Spider-Man_(DK)_Vol_1_11,Spider-Man (DK) Vol 1 11				
35,/wiki/Spider-Man_(DK)_Vol_1_12,Spider-Man (DK) Vol 1 12				
36,/wiki/Spider-Man_(DK)_Vol_1_13,Spider-Man (DK) Vol 1 13				
37,/wiki/Spider-Man_(DK)_Vol_1_14,Spider-Man (DK) Vol 1 14				
38,/wiki/Spider-Man_(DK)_Vol_1_15,Spider-Man (DK) Vol 1 15				
39,/wiki/Spider-Man_(DK)_Vol_1_16,Spider-Man (DK) Vol 1 16				
40,/wiki/Spider-Man_(DK)_Vol_1_17,Spider-Man (DK) Vol 1 17				
41,/wiki/Spider-Man_(DK)_Vol_1_18,Spider-Man (DK) Vol 1 18				
42,/wiki/Spider-Man_(DK)_Vol_1_19,Spider-Man (DK) Vol 1 19				
43,/wiki/Spider-Man_(DK)_Vol_1_20,Spider-Man (DK) Vol 1 20				
44,/wiki/Spider-Man_(DK)_Vol_1_21,Spider-Man (DK) Vol 1 21				
45,/wiki/Spider-Man_(DK)_Vol_1_22,Spider-Man (DK) Vol 1 22				
46,/wiki/Spider-Man_J_Vol_1_2,Spider-Man J Vol 1 2				
47,/wiki/Spider-Man_J_Vol_1_3,Spider-Man J Vol 1 3				
48,/wiki/Spider-Man_J_Vol_1_4,Spider-Man J Vol 1 4				
49,/wiki/Spider-Man_J_Vol_1_5,Spider-Man J Vol 1 5				
50,/wiki/Spider-Man_J_Vol_1_6,Spider-Man J Vol 1 6				
51,/wiki/Spider-Man_J_Vol_1_7,Spider-Man J Vol 1 7				
52,/wiki/Spider-Man_J_Vol_1_8,Spider-Man J Vol 1 8				
53,/wiki/Spider-Man_J_Vol_1_9,Spider-Man J Vol 1 9				
54,/wiki/Suspense_(Alan_Class)_Vol_1_29,Suspense (Alan Class) Vol 1 29				
55,/wiki/Ultimate_Fantastic_Four_(ES)_Vol_1_10,Ultimate Fantastic Four (ES) Vol 1 10				
56,/wiki/Ultimate_Fantastic_Four_(ES)_Vol_1_11,Ultimate Fantastic Four (ES) Vol 1 11				
57,/wiki/Ultimate_Fantastic_Four_(ES)_Vol_1_12,Ultimate Fantastic Four (ES) Vol 1 12				
58,/wiki/Ultimate_Fantastic_Four_(ES)_Vol_1_13,Ultimate Fantastic Four (ES) Vol 1 13				
59,/wiki/Ultimate_Fantastic_Four_(ES)_Vol_1_14,Ultimate Fantastic Four (ES) Vol 1 14				
60,/wiki/Ultimate_Fantastic_Four_(ES)_Vol_1_15,Ultimate Fantastic Four (ES) Vol 1 15				
61,/wiki/Ultimate_Fantastic_Four_(ES)_Vol_1_16,Ultimate Fantastic Four (ES) Vol 1 16				
62,/wiki/Ultimate_Fantastic_Four_(ES)_Vol_1_17,Ultimate Fantastic Four (ES) Vol 1 17				
63,/wiki/Ultimate_Fantastic_Four_(ES)_Vol_1_18,Ultimate Fantastic Four (ES) Vol 1 18				
64,/wiki/Ultimate_Fantastic_Four_(ES)_Vol_1_19,Ultimate Fantastic Four (ES) Vol 1 19				
65,/wiki/Ultimate_Fantastic_Four_(ES)_Vol_1_2,Ultimate Fantastic Four (ES) Vol 1 2				
66,/wiki/Ultimate_Fantastic_Four_(ES)_Vol_1_20,Ultimate Fantastic Four (ES) Vol 1 20				
67,/wiki/Ultimate_Fantastic_Four_(ES)_Vol_1_21,Ultimate Fantastic Four (ES) Vol 1 21				
68,/wiki/Ultimate_Fantastic_Four_(ES)_Vol_1_22,Ultimate Fantastic Four (ES) Vol 1 22				
69,/wiki/Ultimate_Fantastic_Four_(ES)_Vol_1_23,Ultimate Fantastic Four (ES) Vol 1 23				
70,/wiki/Ultimate_Fantastic_Four_(ES)_Vol_1_24,Ultimate Fantastic Four (ES) Vol 1 24				
71,/wiki/Ultimate_Fantastic_Four_(ES)_Vol_1_25,Ultimate Fantastic Four (ES) Vol 1 25				
72,/wiki/Ultimate_Fantastic_Four_(ES)_Vol_1_26,Ultimate Fantastic Four (ES) Vol 1 26				
73,/wiki/Ultimate_Fantastic_Four_(ES)_Vol_1_27,Ultimate Fantastic Four (ES) Vol 1 27				
74,/wiki/Ultimate_Fantastic_Four_(ES)_Vol_1_28,Ultimate Fantastic Four (ES) Vol 1 28				
75,/wiki/Ultimate_Fantastic_Four_(ES)_Vol_1_29,Ultimate Fantastic Four (ES) Vol 1 29				
76,/wiki/Ultimate_Fantastic_Four_(ES)_Vol_1_3,Ultimate Fantastic Four (ES) Vol 1 3				
77,/wiki/Ultimate_Fantastic_Four_(ES)_Vol_1_30,Ultimate Fantastic Four (ES) Vol 1 30				
78,/wiki/Ultimate_Fantastic_Four_(ES)_Vol_1_31,Ultimate Fantastic Four (ES) Vol 1 31				
79,/wiki/Ultimate_Fantastic_Four_(ES)_Vol_1_4,Ultimate Fantastic Four (ES) Vol 1 4				
80,/wiki/Ultimate_Fantastic_Four_(ES)_Vol_1_5,Ultimate Fantastic Four (ES) Vol 1 5				
81,/wiki/Ultimate_Fantastic_Four_(ES)_Vol_1_6,Ultimate Fantastic Four (ES) Vol 1 6				
82,/wiki/Ultimate_Fantastic_Four_(ES)_Vol_1_7,Ultimate Fantastic Four (ES) Vol 1 7				
83,/wiki/Ultimate_Fantastic_Four_(ES)_Vol_1_8,Ultimate Fantastic Four (ES) Vol 1 8				
84,/wiki/Ultimate_Fantastic_Four_(ES)_Vol_1_9,Ultimate Fantastic Four (ES) Vol 1 9				
85,/wiki/Motion_Picture_Funnies_Weekly_Vol_1_1,Motion Picture Funnies Weekly Vol 1 1				
86,/wiki/Motion_Picture_Funnies_Weekly_Vol_1_2,Motion Picture Funnies Weekly Vol 1 2				
87,/wiki/Motion_Picture_Funnies_Weekly_Vol_1_3,Motion Picture Funnies Weekly Vol 1 3				
88,/wiki/Motion_Picture_Funnies_Weekly_Vol_1_4,Motion Picture Funnies Weekly Vol 1 4				
89,/wiki/Marvel_Comics_Vol_1_1,Marvel Comics Vol 1 1				
90,/wiki/Marvel_Mystery_Comics_Vol_1_2,Marvel Mystery Comics Vol 1 2				
91,/wiki/Daring_Mystery_Comics_Vol_1_1,Daring Mystery Comics Vol 1 1				
92,/wiki/Marvel_Mystery_Comics_Vol_1_3,Marvel Mystery Comics Vol 1 3				
93,/wiki/Daring_Mystery_Comics_Vol_1_2,Daring Mystery Comics Vol 1 2				
94,/wiki/Marvel_Mystery_Comics_Vol_1_4,Marvel Mystery Comics Vol 1 4				
95,/wiki/Marvel_Mystery_Comics_Vol_1_5,Marvel Mystery Comics Vol 1 5				
96,/wiki/Mystic_Comics_Vol_1_1,Mystic Comics Vol 1 1				
97,/wiki/Daring_Mystery_Comics_Vol_1_3,Daring Mystery Comics Vol 1 3				
98,/wiki/Marvel_Mystery_Comics_Vol_1_6,Marvel Mystery Comics Vol 1 6				
99,/wiki/Mystic_Comics_Vol_1_2,Mystic Comics Vol 1 2				
100,/wiki/Daring_Mystery_Comics_Vol_1_4,Daring Mystery Comics Vol 1 4				
101,/wiki/Marvel_Mystery_Comics_Vol_1_7,Marvel Mystery Comics Vol 1 7				
102,/wiki/Daring_Mystery_Comics_Vol_1_5,Daring Mystery Comics Vol 1 5				
103,/wiki/Marvel_Mystery_Comics_Vol_1_8,Marvel Mystery Comics Vol 1 8				
104,/wiki/Mystic_Comics_Vol_1_3,Mystic Comics Vol 1 3				
105,/wiki/Marvel_Mystery_Comics_Vol_1_9,Marvel Mystery Comics Vol 1 9				
106,/wiki/Marvel_Mystery_Comics_Vol_1_10,Marvel Mystery Comics Vol 1 10				
107,/wiki/Mystic_Comics_Vol_1_4,Mystic Comics Vol 1 4				
108,/wiki/Red_Raven_Comics_Vol_1_1,Red Raven Comics Vol 1 1				
109,/wiki/Daring_Mystery_Comics_Vol_1_6,Daring Mystery Comics Vol 1 6				
110,/wiki/Human_Torch_Comics_Vol_1_2,Human Torch Vol 1 2				
111,/wiki/Marvel_Mystery_Comics_Vol_1_11,Marvel Mystery Comics Vol 1 11				
112,/wiki/Marvel_Mystery_Comics_Vol_1_12,Marvel Mystery Comics Vol 1 12				
113,/wiki/Marvel_Mystery_Comics_Vol_1_13,Marvel Mystery Comics Vol 1 13				
114,/wiki/Human_Torch_Comics_Vol_1_3,Human Torch Vol 1 3				
115,/wiki/Marvel_Mystery_Comics_Vol_1_14,Marvel Mystery Comics Vol 1 14				
116,/wiki/Marvel_Mystery_Comics_Vol_1_15,Marvel Mystery Comics Vol 1 15				
117,/wiki/Marvel_Mystery_Comics_Vol_1_16,Marvel Mystery Comics Vol 1 16				
118,/wiki/Captain_America_Comics_Vol_1_1,Captain America Comics Vol 1 1				
119,/wiki/Human_Torch_Comics_Vol_1_4,Human Torch Vol 1 4				
120,/wiki/Marvel_Mystery_Comics_Vol_1_17,Marvel Mystery Comics Vol 1 17				
121,/wiki/Mystic_Comics_Vol_1_5,Mystic Comics Vol 1 5				
122,/wiki/Sub-Mariner_Comics_Vol_1_1,Sub-Mariner Comics Vol 1 1				
123,/wiki/Captain_America_Comics_Vol_1_2,Captain America Comics Vol 1 2				
124,/wiki/Daring_Mystery_Comics_Vol_1_7,Daring Mystery Comics Vol 1 7				
125,/wiki/Marvel_Mystery_Comics_Vol_1_18,Marvel Mystery Comics Vol 1 18				
126,/wiki/Captain_America_Comics_Vol_1_3,Captain America Comics Vol 1 3				
127,/wiki/Marvel_Mystery_Comics_Vol_1_19,Marvel Mystery Comics Vol 1 19				
128,/wiki/All_Winners_Comics_Vol_1_1,All Winners Comics Vol 1 1				
129,/wiki/Captain_America_Comics_Vol_1_4,Captain America Comics Vol 1 4				
130,/wiki/Human_Torch_Comics_Vol_1_5_(Summer),Human Torch Vol 1 5 (Summer)				
131,/wiki/Marvel_Mystery_Comics_Vol_1_20,Marvel Mystery Comics Vol 1 20				
132,/wiki/Sub-Mariner_Comics_Vol_1_2,Sub-Mariner Comics Vol 1 2				
133,/wiki/Young_Allies_Vol_1_1,Young Allies Vol 1 1				
134,/wiki/Marvel_Mystery_Comics_Vol_1_21,Marvel Mystery Comics Vol 1 21				
135,/wiki/Captain_America_Comics_Vol_1_5,Captain America Comics Vol 1 5				
136,/wiki/Marvel_Mystery_Comics_Vol_1_22,Marvel Mystery Comics Vol 1 22				
137,/wiki/U.S.A._Comics_Vol_1_1,U.S.A. Comics Vol 1 1				
138,/wiki/All_Winners_Comics_Vol_1_2,All Winners Comics Vol 1 2				
139,/wiki/Captain_America_Comics_Vol_1_6,Captain America Comics Vol 1 6				
140,/wiki/Human_Torch_Comics_Vol_1_5_(Fall),Human Torch Vol 1 5 (Fall)				
141,/wiki/Marvel_Mystery_Comics_Vol_1_23,Marvel Mystery Comics Vol 1 23				
142,/wiki/Sub-Mariner_Comics_Vol_1_3,Sub-Mariner Comics Vol 1 3				
143,/wiki/Captain_America_Comics_Vol_1_7,Captain America Comics Vol 1 7				
144,/wiki/Marvel_Mystery_Comics_Vol_1_24,Marvel Mystery Comics Vol 1 24				
145,/wiki/Mystic_Comics_Vol_1_6,Mystic Comics Vol 1 6				
146,/wiki/Captain_America_Comics_Vol_1_8,Captain America Comics Vol 1 8				
147,/wiki/Marvel_Mystery_Comics_Vol_1_25,Marvel Mystery Comics Vol 1 25				
148,/wiki/U.S.A._Comics_Vol_1_2,U.S.A. Comics Vol 1 2				
149,/wiki/All_Winners_Comics_Vol_1_3,All Winners Comics Vol 1 3				
150,/wiki/Captain_America_Comics_Vol_1_9,Captain America Comics Vol 1 9				
151,/wiki/Human_Torch_Comics_Vol_1_6,Human Torch Vol 1 6				
152,/wiki/Marvel_Mystery_Comics_Vol_1_26,Marvel Mystery Comics Vol 1 26				
153,/wiki/Mystic_Comics_Vol_1_7,Mystic Comics Vol 1 7				
154,/wiki/Sub-Mariner_Comics_Vol_1_4,Sub-Mariner Comics Vol 1 4				
155,/wiki/Young_Allies_Vol_1_2,Young Allies Vol 1 2				
156,/wiki/Captain_America_Comics_Vol_1_10,Captain America Comics Vol 1 10				
157,/wiki/Daring_Mystery_Comics_Vol_1_8,Daring Mystery Comics Vol 1 8				
158,/wiki/Marvel_Mystery_Comics_Vol_1_27,Marvel Mystery Comics Vol 1 27				
159,/wiki/U.S.A._Comics_Vol_1_3,U.S.A. Comics Vol 1 3				
160,/wiki/Captain_America_Comics_Vol_1_11,Captain America Comics Vol 1 11				
161,/wiki/Marvel_Mystery_Comics_Vol_1_28,Marvel Mystery Comics Vol 1 28				
162,/wiki/All_Winners_Comics_Vol_1_4,All Winners Comics Vol 1 4				
163,/wiki/Captain_America_Comics_Vol_1_12,Captain America Comics Vol 1 12				
164,/wiki/Human_Torch_Comics_Vol_1_7,Human Torch Vol 1 7				
165,/wiki/Marvel_Mystery_Comics_Vol_1_29,Marvel Mystery Comics Vol 1 29				
166,/wiki/Mystic_Comics_Vol_1_8,Mystic Comics Vol 1 8				
167,/wiki/Sub-Mariner_Comics_Vol_1_5,Sub-Mariner Comics Vol 1 5				
168,/wiki/Tough_Kid_Squad_Comics_Vol_1_1,Tough Kid Squad Comics Vol 1 1				
169,/wiki/Young_Allies_Vol_1_3,Young Allies Vol 1 3				
170,/wiki/Captain_America_Comics_Vol_1_13,Captain America Comics Vol 1 13				
171,/wiki/Comedy_Comics_Vol_1_9,Comedy Comics Vol 1 9				
172,/wiki/Joker_Comics_Vol_1_1,Joker Comics Vol 1 1				
173,/wiki/Marvel_Mystery_Comics_Vol_1_30,Marvel Mystery Comics Vol 1 30				
174,/wiki/Captain_America_Comics_Vol_1_14,Captain America Comics Vol 1 14				
175,/wiki/Marvel_Mystery_Comics_Vol_1_31,Marvel Mystery Comics Vol 1 31				
176,/wiki/Mystic_Comics_Vol_1_9,Mystic Comics Vol 1 9				
177,/wiki/U.S.A._Comics_Vol_1_4,U.S.A. Comics Vol 1 4				
178,/wiki/All_Winners_Comics_Vol_1_5,All Winners Comics Vol 1 5				
179,/wiki/Captain_America_Comics_Vol_1_15,Captain America Comics Vol 1 15				
180,/wiki/Comedy_Comics_Vol_1_10,Comedy Comics Vol 1 10				
181,/wiki/Human_Torch_Comics_Vol_1_8,Human Torch Vol 1 8				
182,/wiki/Joker_Comics_Vol_1_2,Joker Comics Vol 1 2				
183,/wiki/Marvel_Mystery_Comics_Vol_1_32,Marvel Mystery Comics Vol 1 32				
184,/wiki/Sub-Mariner_Comics_Vol_1_6,Sub-Mariner Comics Vol 1 6				
185,/wiki/U.S.A._Comics_Vol_1_5,U.S.A. Comics Vol 1 5				
186,/wiki/Young_Allies_Vol_1_4,Young Allies Vol 1 4				
187,/wiki/Captain_America_Comics_Vol_1_16,Captain America Comics Vol 1 16				
188,/wiki/Krazy_Komics_Vol_1_1,Krazy Komics Vol 1 1				
189,/wiki/Marvel_Mystery_Comics_Vol_1_33,Marvel Mystery Comics Vol 1 33				
190,/wiki/Captain_America_Comics_Vol_1_17,Captain America Comics Vol 1 17				
191,/wiki/Marvel_Mystery_Comics_Vol_1_34,Marvel Mystery Comics Vol 1 34				
192,/wiki/Mystic_Comics_Vol_1_10,Mystic Comics Vol 1 10				
193,/wiki/All_Winners_Comics_Vol_1_6,All Winners Comics Vol 1 6				
194,/wiki/Captain_America_Comics_Vol_1_18,Captain America Comics Vol 1 18				
195,/wiki/Comedy_Comics_Vol_1_11,Comedy Comics Vol 1 11				
196,/wiki/Human_Torch_Comics_Vol_1_9,Human Torch Vol 1 9				
197,/wiki/Joker_Comics_Vol_1_3,Joker Comics Vol 1 3				
198,/wiki/Krazy_Komics_Vol_1_2,Krazy Komics Vol 1 2				
199,/wiki/Marvel_Mystery_Comics_Vol_1_35,Marvel Mystery Comics Vol 1 35				
200,/wiki/Sub-Mariner_Comics_Vol_1_7,Sub-Mariner Comics Vol 1 7				
201,/wiki/Young_Allies_Vol_1_5,Young Allies Vol 1 5				
202,/wiki/Captain_America_Comics_Vol_1_19,Captain America Comics Vol 1 19				
203,/wiki/Marvel_Mystery_Comics_Vol_1_36,Marvel Mystery Comics Vol 1 36				
204,/wiki/Terry-Toons_Comics_Vol_1_1,Terry-Toons Comics Vol 1 1				
205,/wiki/Captain_America_Comics_Vol_1_20,Captain America Comics Vol 1 20				
206,/wiki/Joker_Comics_Vol_1_4,Joker Comics Vol 1 4				
207,/wiki/Krazy_Komics_Vol_1_3,Krazy Komics Vol 1 3				
208,/wiki/Marvel_Mystery_Comics_Vol_1_37,Marvel Mystery Comics Vol 1 37				
209,/wiki/Terry-Toons_Comics_Vol_1_2,Terry-Toons Comics Vol 1 2				
210,/wiki/All_Winners_Comics_Vol_1_7,All Winners Comics Vol 1 7				
211,/wiki/Captain_America_Comics_Vol_1_21,Captain America Comics Vol 1 21				
212,/wiki/Comedy_Comics_Vol_1_12,Comedy Comics Vol 1 12				
213,/wiki/Human_Torch_Comics_Vol_1_10,Human Torch Vol 1 10				
214,/wiki/Joker_Comics_Vol_1_5,Joker Comics Vol 1 5				
215,/wiki/Krazy_Komics_Vol_1_4,Krazy Komics Vol 1 4				
216,/wiki/Marvel_Mystery_Comics_Vol_1_38,Marvel Mystery Comics Vol 1 38				
217,/wiki/Miss_Fury_Vol_1_1,Miss Fury Vol 1 1				
218,/wiki/Sub-Mariner_Comics_Vol_1_8,Sub-Mariner Comics Vol 1 8				
219,/wiki/Terry-Toons_Comics_Vol_1_3,Terry-Toons Comics Vol 1 3				
220,/wiki/U.S.A._Comics_Vol_1_6,U.S.A. Comics Vol 1 6				
221,/wiki/Captain_America_Comics_Vol_1_22,Captain America Comics Vol 1 22				
222,/wiki/Captain_America_Comics_Vol_1_NN,Captain America Comics Vol 1 NN				
223,/wiki/Comedy_Comics_Vol_1_13,Comedy Comics Vol 1 13				
224,/wiki/Joker_Comics_Vol_1_6,Joker Comics Vol 1 6				
225,/wiki/Krazy_Komics_Vol_1_5,Krazy Komics Vol 1 5				
226,/wiki/Marvel_Mystery_Comics_Vol_1_39,Marvel Mystery Comics Vol 1 39				
227,/wiki/Marvel_Mystery_Comics_Vol_1_NN,Marvel Mystery Comics Vol 1 NN				
228,/wiki/Powerhouse_Pepper_Comics_Vol_1_1,Powerhouse Pepper Comics Vol 1 1				
229,/wiki/Terry-Toons_Comics_Vol_1_4,Terry-Toons Comics Vol 1 4				
230,/wiki/Young_Allies_Vol_1_6,Young Allies Vol 1 6				
231,/wiki/Captain_America_Comics_Vol_1_23,Captain America Comics Vol 1 23				
232,/wiki/Joker_Comics_Vol_1_7,Joker Comics Vol 1 7				
233,/wiki/Kid_Komics_Vol_1_1,Kid Komics Vol 1 1				
234,/wiki/Marvel_Mystery_Comics_Vol_1_40,Marvel Mystery Comics Vol 1 40				
235,/wiki/Terry-Toons_Comics_Vol_1_5,Terry-Toons Comics Vol 1 5				
236,/wiki/All_Winners_Comics_Vol_1_8,All Winners Comics Vol 1 8				
237,/wiki/Captain_America_Comics_Vol_1_24,Captain America Comics Vol 1 24				
238,/wiki/Comedy_Comics_Vol_1_14,Comedy Comics Vol 1 14				
239,/wiki/Human_Torch_Comics_Vol_1_11,Human Torch Vol 1 11				
240,/wiki/Krazy_Komics_Vol_1_6,Krazy Komics Vol 1 6				
241,/wiki/Marvel_Mystery_Comics_Vol_1_41,Marvel Mystery Comics Vol 1 41				
242,/wiki/Sub-Mariner_Comics_Vol_1_9,Sub-Mariner Comics Vol 1 9				
243,/wiki/Terry-Toons_Comics_Vol_1_6,Terry-Toons Comics Vol 1 6				
244,/wiki/U.S.A._Comics_Vol_1_7,U.S.A. Comics Vol 1 7				
245,/wiki/Captain_America_Comics_Vol_1_25,Captain America Comics Vol 1 25				
246,/wiki/Joker_Comics_Vol_1_8,Joker Comics Vol 1 8				
247,/wiki/Krazy_Komics_Vol_1_7,Krazy Komics Vol 1 7				
248,/wiki/Marvel_Mystery_Comics_Vol_1_42,Marvel Mystery Comics Vol 1 42				
249,/wiki/Terry-Toons_Comics_Vol_1_7,Terry-Toons Comics Vol 1 7				
250,/wiki/Young_Allies_Vol_1_7,Young Allies Vol 1 7				
251,/wiki/Captain_America_Comics_Vol_1_26,Captain America Comics Vol 1 26				
252,/wiki/Comedy_Comics_Vol_1_15,Comedy Comics Vol 1 15				
253,/wiki/Marvel_Mystery_Comics_Vol_1_43,Marvel Mystery Comics Vol 1 43				
254,/wiki/Terry-Toons_Comics_Vol_1_8,Terry-Toons Comics Vol 1 8				
255,/wiki/U.S.A._Comics_Vol_1_8,U.S.A. Comics Vol 1 8				
256,/wiki/All_Winners_Comics_Vol_1_9,All Winners Comics Vol 1 9				
257,/wiki/Captain_America_Comics_Vol_1_27,Captain America Comics Vol 1 27				
258,/wiki/Comedy_Comics_Vol_1_16,Comedy Comics Vol 1 16				
259,/wiki/Human_Torch_Comics_Vol_1_12,Human Torch Vol 1 12				
260,/wiki/Joker_Comics_Vol_1_9,Joker Comics Vol 1 9				
261,/wiki/Kid_Komics_Vol_1_2,Kid Komics Vol 1 2				
262,/wiki/Krazy_Komics_Vol_1_8,Krazy Komics Vol 1 8				
263,/wiki/Marvel_Mystery_Comics_Vol_1_44,Marvel Mystery Comics Vol 1 44				
264,/wiki/Miss_Fury_Vol_1_2,Miss Fury Vol 1 2				
265,/wiki/Sub-Mariner_Comics_Vol_1_10,Sub-Mariner Comics Vol 1 10				
266,/wiki/Terry-Toons_Comics_Vol_1_9,Terry-Toons Comics Vol 1 9				
267,/wiki/Captain_America_Comics_Vol_1_28,Captain America Comics Vol 1 28				
268,/wiki/Comedy_Comics_Vol_1_17,Comedy Comics Vol 1 17				
269,/wiki/Krazy_Komics_Vol_1_9,Krazy Komics Vol 1 9				
270,/wiki/Marvel_Mystery_Comics_Vol_1_45,Marvel Mystery Comics Vol 1 45				
271,/wiki/Terry-Toons_Comics_Vol_1_10,Terry-Toons Comics Vol 1 10				
272,/wiki/U.S.A._Comics_Vol_1_9,U.S.A. Comics Vol 1 9				
273,/wiki/Young_Allies_Vol_1_8,Young Allies Vol 1 8				
274,/wiki/Captain_America_Comics_Vol_1_29,Captain America Comics Vol 1 29				
275,/wiki/Comedy_Comics_Vol_1_18,Comedy Comics Vol 1 18				
276,/wiki/Joker_Comics_Vol_1_10,Joker Comics Vol 1 10				
277,/wiki/Krazy_Komics_Vol_1_10,Krazy Komics Vol 1 10				
278,/wiki/Marvel_Mystery_Comics_Vol_1_46,Marvel Mystery Comics Vol 1 46				
279,/wiki/Terry-Toons_Comics_Vol_1_11,Terry-Toons Comics Vol 1 11				
280,/wiki/All_Select_Comics_Vol_1_1,All Select Comics Vol 1 1				
281,/wiki/All_Surprise_Vol_1_1,All Surprise Vol 1 1				
282,/wiki/All_Winners_Comics_Vol_1_10,All Winners Comics Vol 1 10				
283,/wiki/Captain_America_Comics_Vol_1_30,Captain America Comics Vol 1 30				
284,/wiki/Comedy_Comics_Vol_1_19,Comedy Comics Vol 1 19				
285,/wiki/Human_Torch_Comics_Vol_1_13,Human Torch Vol 1 13				
286,/wiki/Kid_Komics_Vol_1_3,Kid Komics Vol 1 3				
287,/wiki/Krazy_Komics_Vol_1_11,Krazy Komics Vol 1 11				
288,/wiki/Marvel_Mystery_Comics_Vol_1_47,Marvel Mystery Comics Vol 1 47				
289,/wiki/Sub-Mariner_Comics_Vol_1_11,Sub-Mariner Comics Vol 1 11				
290,/wiki/Terry-Toons_Comics_Vol_1_12,Terry-Toons Comics Vol 1 12				
291,/wiki/U.S.A._Comics_Vol_1_10,U.S.A. Comics Vol 1 10				
292,/wiki/Young_Allies_Vol_1_9,Young Allies Vol 1 9				
293,/wiki/Captain_America_Comics_Vol_1_31,Captain America Comics Vol 1 31				
294,/wiki/Joker_Comics_Vol_1_11,Joker Comics Vol 1 11				
295,/wiki/Marvel_Mystery_Comics_Vol_1_48,Marvel Mystery Comics Vol 1 48				
296,/wiki/Terry-Toons_Comics_Vol_1_13,Terry-Toons Comics Vol 1 13				
297,/wiki/Captain_America_Comics_Vol_1_32,Captain America Comics Vol 1 32				
298,/wiki/Comedy_Comics_Vol_1_20,Comedy Comics Vol 1 20				
299,/wiki/Joker_Comics_Vol_1_12,Joker Comics Vol 1 12				
300,/wiki/Krazy_Komics_Vol_1_12,Krazy Komics Vol 1 12				
301,/wiki/Marvel_Mystery_Comics_Vol_1_49,Marvel Mystery Comics Vol 1 49				
302,/wiki/Terry-Toons_Comics_Vol_1_14,Terry-Toons Comics Vol 1 14				
303,/wiki/All_Select_Comics_Vol_1_2,All Select Comics Vol 1 2				
304,/wiki/All_Surprise_Vol_1_2,All Surprise Vol 1 2				
305,/wiki/All_Winners_Comics_Vol_1_11,All Winners Comics Vol 1 11				
306,/wiki/Captain_America_Comics_Vol_1_33,Captain America Comics Vol 1 33				
307,/wiki/Human_Torch_Comics_Vol_1_14,Human Torch Vol 1 14				
308,/wiki/Joker_Comics_Vol_1_13,Joker Comics Vol 1 13				
309,/wiki/Marvel_Mystery_Comics_Vol_1_50,Marvel Mystery Comics Vol 1 50				
310,/wiki/Miss_Fury_Vol_1_3,Miss Fury Vol 1 3				
311,/wiki/Sub-Mariner_Comics_Vol_1_12,Sub-Mariner Comics Vol 1 12				
312,/wiki/Terry-Toons_Comics_Vol_1_15,Terry-Toons Comics Vol 1 15				
313,/wiki/Young_Allies_Vol_1_10,Young Allies Vol 1 10				
314,/wiki/Captain_America_Comics_Vol_1_34,Captain America Comics Vol 1 34				
315,/wiki/Comedy_Comics_Vol_1_21,Comedy Comics Vol 1 21				
316,/wiki/Krazy_Komics_Vol_1_13,Krazy Komics Vol 1 13				
317,/wiki/Marvel_Mystery_Comics_Vol_1_51,Marvel Mystery Comics Vol 1 51				
318,/wiki/Terry-Toons_Comics_Vol_1_16,Terry-Toons Comics Vol 1 16				
319,/wiki/U.S.A._Comics_Vol_1_11,U.S.A. Comics Vol 1 11				
320,/wiki/Captain_America_Comics_Vol_1_35,Captain America Comics Vol 1 35				
321,/wiki/Joker_Comics_Vol_1_14,Joker Comics Vol 1 14				
322,/wiki/Marvel_Mystery_Comics_Vol_1_52,Marvel Mystery Comics Vol 1 52				
323,/wiki/Terry-Toons_Comics_Vol_1_17,Terry-Toons Comics Vol 1 17				
324,/wiki/All_Select_Comics_Vol_1_3,All Select Comics Vol 1 3				
325,/wiki/All_Surprise_Vol_1_3,All Surprise Vol 1 3				
326,/wiki/All_Winners_Comics_Vol_1_12,All Winners Comics Vol 1 12				
327,/wiki/Captain_America_Comics_Vol_1_36,Captain America Comics Vol 1 36				
328,/wiki/Comedy_Comics_Vol_1_22,Comedy Comics Vol 1 22				
329,/wiki/Gay_Comics_Vol_1_1,Gay Comics Vol 1 1				
330,/wiki/Human_Torch_Comics_Vol_1_15,Human Torch Vol 1 15				
331,/wiki/Kid_Komics_Vol_1_4,Kid Komics Vol 1 4				
332,/wiki/Marvel_Mystery_Comics_Vol_1_53,Marvel Mystery Comics Vol 1 53				
333,/wiki/Sub-Mariner_Comics_Vol_1_13,Sub-Mariner Comics Vol 1 13				
334,/wiki/Terry-Toons_Comics_Vol_1_18,Terry-Toons Comics Vol 1 18				
335,/wiki/U.S.A._Comics_Vol_1_12,U.S.A. Comics Vol 1 12				
336,/wiki/Young_Allies_Vol_1_11,Young Allies Vol 1 11				
337,/wiki/Young_Allies_Vol_1_12,Young Allies Vol 1 12				
338,/wiki/Captain_America_Comics_Vol_1_37,Captain America Comics Vol 1 37				
339,/wiki/Joker_Comics_Vol_1_15,Joker Comics Vol 1 15				
340,/wiki/Krazy_Komics_Vol_1_14,Krazy Komics Vol 1 14				
341,/wiki/Marvel_Mystery_Comics_Vol_1_54,Marvel Mystery Comics Vol 1 54				
342,/wiki/Terry-Toons_Comics_Vol_1_19,Terry-Toons Comics Vol 1 19				
343,/wiki/Captain_America_Comics_Vol_1_38,Captain America Comics Vol 1 38				
344,/wiki/Comedy_Comics_Vol_1_23,Comedy Comics Vol 1 23				
345,/wiki/Marvel_Mystery_Comics_Vol_1_55,Marvel Mystery Comics Vol 1 55				
346,/wiki/Terry-Toons_Comics_Vol_1_20,Terry-Toons Comics Vol 1 20				
347,/wiki/All_Select_Comics_Vol_1_4,All Select Comics Vol 1 4				
348,/wiki/All_Surprise_Vol_1_4,All Surprise Vol 1 4				
349,/wiki/Captain_America_Comics_Vol_1_39,Captain America Comics Vol 1 39				
350,/wiki/Comedy_Comics_Vol_1_24,Comedy Comics Vol 1 24				
351,/wiki/Funny_Tunes_Vol_1_16,Funny Tunes Vol 1 16				
352,/wiki/Joker_Comics_Vol_1_16,Joker Comics Vol 1 16				
353,/wiki/Kid_Komics_Vol_1_5,Kid Komics Vol 1 5				
354,/wiki/Krazy_Komics_Vol_1_15,Krazy Komics Vol 1 15				
355,/wiki/Marvel_Mystery_Comics_Vol_1_56,Marvel Mystery Comics Vol 1 56				
356,/wiki/Miss_America_Comics_Vol_1_1,Miss America Comics Vol 1 1				
357,/wiki/Miss_Fury_Vol_1_4,Miss Fury Vol 1 4				
358,/wiki/Terry-Toons_Comics_Vol_1_21,Terry-Toons Comics Vol 1 21				
359,/wiki/Tessie_the_Typist_Vol_1_1,Tessie the Typist Vol 1 1				
360,/wiki/U.S.A._Comics_Vol_1_13,U.S.A. Comics Vol 1 13				
361,/wiki/Young_Allies_Vol_1_13,Young Allies Vol 1 13				
362,/wiki/Captain_America_Comics_Vol_1_40,Captain America Comics Vol 1 40				
363,/wiki/Marvel_Mystery_Comics_Vol_1_57,Marvel Mystery Comics Vol 1 57				
364,/wiki/Terry-Toons_Comics_Vol_1_22,Terry-Toons Comics Vol 1 22				
365,/wiki/Captain_America_Comics_Vol_1_41,Captain America Comics Vol 1 41				
366,/wiki/Terry-Toons_Comics_Vol_1_23,Terry-Toons Comics Vol 1 23				
367,/wiki/All_Winners_Comics_Vol_1_13,All Winners Comics Vol 1 13				
368,/wiki/Amazing_Comics_Vol_1_1,Amazing Comics Vol 1 1				
369,/wiki/Comedy_Comics_Vol_1_25,Comedy Comics Vol 1 25				
370,/wiki/Comic_Capers_Vol_1_1,Comic Capers Vol 1 1				
371,/wiki/Daring_Comics_Vol_1_9,Daring Comics Vol 1 9				
372,/wiki/Funny_Tunes_Vol_1_17,Funny Tunes Vol 1 17				
373,/wiki/Gay_Comics_Vol_1_18,Gay Comics Vol 1 18				
374,/wiki/Human_Torch_Comics_Vol_1_16,Human Torch Vol 1 16				
375,/wiki/Ideal_Comics_Vol_1_1,Ideal Comics Vol 1 1				
376,/wiki/Kid_Komics_Vol_1_6,Kid Komics Vol 1 6				
377,/wiki/Marvel_Mystery_Comics_Vol_1_58,Marvel Mystery Comics Vol 1 58				
378,/wiki/Miss_Fury_Vol_1_5,Miss Fury Vol 1 5				
379,/wiki/Mystic_Comics_Vol_2_2,Mystic Comics Vol 2 2				
380,/wiki/Sub-Mariner_Comics_Vol_1_14,Sub-Mariner Comics Vol 1 14				
381,/wiki/Super_Rabbit_Comics_Vol_1_1,Super Rabbit Comics Vol 1 1				
382,/wiki/Terry-Toons_Comics_Vol_1_24,Terry-Toons Comics Vol 1 24				
383,/wiki/U.S.A._Comics_Vol_1_14,U.S.A. Comics Vol 1 14				
384,/wiki/Ziggy_Pig-Silly_Seal_Comics_Vol_1_1,Ziggy Pig-Silly Seal Comics Vol 1 1				
385,/wiki/Captain_America_Comics_Vol_1_42,Captain America Comics Vol 1 42				
386,/wiki/Marvel_Mystery_Comics_Vol_1_59,Marvel Mystery Comics Vol 1 59				
387,/wiki/Mystic_Comics_Vol_2_1,Mystic Comics Vol 2 1				
388,/wiki/Terry-Toons_Comics_Vol_1_25,Terry-Toons Comics Vol 1 25				
389,/wiki/Miss_America_Magazine_Vol_1_2,Miss America Magazine Vol 1 2				
390,/wiki/Terry-Toons_Comics_Vol_1_26,Terry-Toons Comics Vol 1 26				
391,/wiki/All_Select_Comics_Vol_1_5,All Select Comics Vol 1 5				
392,/wiki/All_Surprise_Vol_1_5,All Surprise Vol 1 5				
393,/wiki/All_Winners_Comics_Vol_1_14,All Winners Comics Vol 1 14				
394,/wiki/Captain_America_Comics_Vol_1_43,Captain America Comics Vol 1 43				
395,/wiki/Comedy_Comics_Vol_1_26,Comedy Comics Vol 1 26				
396,/wiki/Comic_Capers_Vol_1_2,Comic Capers Vol 1 2				
397,/wiki/Complete_Comics_Vol_1_2,Complete Comics Vol 1 2				
398,/wiki/Daring_Comics_Vol_1_10,Daring Comics Vol 1 10				
399,/wiki/Funny_Tunes_Vol_1_18,Funny Tunes Vol 1 18				
400,/wiki/Gay_Comics_Vol_1_19,Gay Comics Vol 1 19				
401,/wiki/Human_Torch_Comics_Vol_1_17,Human Torch Vol 1 17				
402,/wiki/Ideal_Comics_Vol_1_2,Ideal Comics Vol 1 2				
403,/wiki/Joker_Comics_Vol_1_17,Joker Comics Vol 1 17				
404,/wiki/Junior_Miss_Vol_1_1,Junior Miss Vol 1 1				
405,/wiki/Krazy_Komics_Vol_1_16,Krazy Komics Vol 1 16				
406,/wiki/Marvel_Mystery_Comics_Vol_1_60,Marvel Mystery Comics Vol 1 60				
407,/wiki/Miss_America_Magazine_Vol_1_3,Miss America Magazine Vol 1 3				
408,/wiki/Miss_Fury_Vol_1_6,Miss Fury Vol 1 6				
409,/wiki/Mystic_Comics_Vol_2_3,Mystic Comics Vol 2 3				
410,/wiki/Sub-Mariner_Comics_Vol_1_15,Sub-Mariner Comics Vol 1 15				
411,/wiki/Super_Rabbit_Comics_Vol_1_2,Super Rabbit Comics Vol 1 2				
412,/wiki/Terry-Toons_Comics_Vol_1_27,Terry-Toons Comics Vol 1 27				
413,/wiki/Tessie_the_Typist_Vol_1_2,Tessie the Typist Vol 1 2				
414,/wiki/Young_Allies_Vol_1_14,Young Allies Vol 1 14				
415,/wiki/Ziggy_Pig-Silly_Seal_Comics_Vol_1_2,Ziggy Pig-Silly Seal Comics Vol 1 2				
416,/wiki/Captain_America_Comics_Vol_1_44,Captain America Comics Vol 1 44				
417,/wiki/Comics_for_Kids_Vol_1_1,Comics for Kids Vol 1 1				
418,/wiki/Dolly_Dill_Vol_1_1,Dolly Dill Vol 1 1				
419,/wiki/Marvel_Mystery_Comics_Vol_1_61,Marvel Mystery Comics Vol 1 61				
420,/wiki/Miss_America_Magazine_Vol_1_4,Miss America Magazine Vol 1 4				
421,/wiki/Patsy_Walker_Vol_1_1,Patsy Walker Vol 1 1				
422,/wiki/Terry-Toons_Comics_Vol_1_28,Terry-Toons Comics Vol 1 28				
423,/wiki/Miss_America_Magazine_Vol_1_5,Miss America Magazine Vol 1 5				
424,/wiki/Terry-Toons_Comics_Vol_1_29,Terry-Toons Comics Vol 1 29				
425,/wiki/All_Select_Comics_Vol_1_6,All Select Comics Vol 1 6				
426,/wiki/All_Select_Comics_Vol_1_7,All Select Comics Vol 1 7				
427,/wiki/All_Surprise_Vol_1_6,All Surprise Vol 1 6				
428,/wiki/All_Surprise_Vol_1_7,All Surprise Vol 1 7				
429,/wiki/All_Winners_Comics_Vol_1_15,All Winners Comics Vol 1 15				
430,/wiki/Captain_America_Comics_Vol_1_45,Captain America Comics Vol 1 45				
431,/wiki/Comedy_Comics_Vol_1_27,Comedy Comics Vol 1 27				
432,/wiki/Comic_Capers_Vol_1_3,Comic Capers Vol 1 3				
433,/wiki/Georgie_Comics_Vol_1_1,Georgie Comics Vol 1 1				
434,/wiki/Human_Torch_Comics_Vol_1_18,Human Torch Vol 1 18				
435,/wiki/Joker_Comics_Vol_1_18,Joker Comics Vol 1 18				
436,/wiki/Kid_Komics_Vol_1_7,Kid Komics Vol 1 7				
437,/wiki/Krazy_Komics_Vol_1_17,Krazy Komics Vol 1 17				
438,/wiki/Marvel_Mystery_Comics_Vol_1_62,Marvel Mystery Comics Vol 1 62				
439,/wiki/Miss_America_Magazine_Vol_1_6,Miss America Magazine Vol 1 6				
440,/wiki/Mystic_Comics_Vol_2_4,Mystic Comics Vol 2 4				
441,/wiki/Sub-Mariner_Comics_Vol_1_16,Sub-Mariner Comics Vol 1 16				
442,/wiki/Super_Rabbit_Comics_Vol_1_3,Super Rabbit Comics Vol 1 3				
443,/wiki/Terry-Toons_Comics_Vol_1_30,Terry-Toons Comics Vol 1 30				
444,/wiki/Tessie_the_Typist_Vol_1_3,Tessie the Typist Vol 1 3				
445,/wiki/U.S.A._Comics_Vol_1_15,U.S.A. Comics Vol 1 15				
446,/wiki/Young_Allies_Vol_1_15,Young Allies Vol 1 15				
447,/wiki/Ziggy_Pig-Silly_Seal_Comics_Vol_1_3,Ziggy Pig-Silly Seal Comics Vol 1 3				
448,/wiki/Captain_America_Comics_Vol_1_46,Captain America Comics Vol 1 46				
449,/wiki/Marvel_Mystery_Comics_Vol_1_63,Marvel Mystery Comics Vol 1 63				
450,/wiki/Miss_America_Magazine_Vol_2_1,Miss America Magazine Vol 2 1				
451,/wiki/Terry-Toons_Comics_Vol_1_31,Terry-Toons Comics Vol 1 31				
452,/wiki/Miss_America_Magazine_Vol_2_2,Miss America Magazine Vol 2 2				
453,/wiki/Terry-Toons_Comics_Vol_1_32,Terry-Toons Comics Vol 1 32				
454,/wiki/All_Select_Comics_Vol_1_8,All Select Comics Vol 1 8				
455,/wiki/All_Winners_Comics_Vol_1_16,All Winners Comics Vol 1 16				
456,/wiki/Captain_America_Comics_Vol_1_47,Captain America Comics Vol 1 47				
457,/wiki/Comedy_Comics_Vol_1_28,Comedy Comics Vol 1 28				
458,/wiki/Comic_Capers_Vol_1_4,Comic Capers Vol 1 4				
459,/wiki/Comics_for_Kids_Vol_1_2,Comics for Kids Vol 1 2				
460,/wiki/Daring_Comics_Vol_1_11,Daring Comics Vol 1 11				
461,/wiki/Funny_Frolics_Vol_1_1,Funny Frolics Vol 1 1				
462,/wiki/Georgie_Comics_Vol_1_2,Georgie Comics Vol 1 2				
463,/wiki/Human_Torch_Comics_Vol_1_19,Human Torch Vol 1 19				
464,/wiki/Ideal_Comics_Vol_1_3,Ideal Comics Vol 1 3				
465,/wiki/Joker_Comics_Vol_1_19,Joker Comics Vol 1 19				
466,/wiki/Kid_Komics_Vol_1_8,Kid Komics Vol 1 8				
467,/wiki/Krazy_Komics_Vol_1_18,Krazy Komics Vol 1 18				
468,/wiki/Krazy_Krow_Vol_1_1,Krazy Krow Vol 1 1				
469,/wiki/Marvel_Mystery_Comics_Vol_1_64,Marvel Mystery Comics Vol 1 64				
470,/wiki/Miss_America_Magazine_Vol_2_3,Miss America Magazine Vol 2 3				
471,/wiki/Super_Rabbit_Comics_Vol_1_4,Super Rabbit Comics Vol 1 4				
472,/wiki/Terry-Toons_Comics_Vol_1_33,Terry-Toons Comics Vol 1 33				
473,/wiki/U.S.A._Comics_Vol_1_16,U.S.A. Comics Vol 1 16				
474,/wiki/Young_Allies_Vol_1_16,Young Allies Vol 1 16				
475,/wiki/Ziggy_Pig-Silly_Seal_Comics_Vol_1_4,Ziggy Pig-Silly Seal Comics Vol 1 4				
476,/wiki/Captain_America_Comics_Vol_1_48,Captain America Comics Vol 1 48				
477,/wiki/Funny_Tunes_Vol_1_19,Funny Tunes Vol 1 19				
478,/wiki/Gay_Comics_Vol_1_20,Gay Comics Vol 1 20				
479,/wiki/Marvel_Mystery_Comics_Vol_1_65,Marvel Mystery Comics Vol 1 65				
480,/wiki/Miss_America_Magazine_Vol_2_4,Miss America Magazine Vol 2 4				
481,/wiki/Terry-Toons_Comics_Vol_1_34,Terry-Toons Comics Vol 1 34				
482,/wiki/Captain_America_Comics_Vol_1_49,Captain America Comics Vol 1 49				
483,/wiki/Miss_America_Magazine_Vol_2_5,Miss America Magazine Vol 2 5				
484,/wiki/Terry-Toons_Comics_Vol_1_35,Terry-Toons Comics Vol 1 35				
485,/wiki/All_Select_Comics_Vol_1_9,All Select Comics Vol 1 9				
486,/wiki/All_Surprise_Vol_1_8,All Surprise Vol 1 8				
487,/wiki/Animated_Movie_Tunes_Vol_1_1,Animated Movie Tunes Vol 1 1				
488,/wiki/Comedy_Comics_Vol_1_29,Comedy Comics Vol 1 29				
489,/wiki/Daring_Comics_Vol_1_12,Daring Comics Vol 1 12				
490,/wiki/Dopey_Duck_Comics_Vol_1_1,Dopey Duck Comics Vol 1 1				
491,/wiki/Funny_Frolics_Vol_1_2,Funny Frolics Vol 1 2				
492,/wiki/Funny_Tunes_Vol_1_20,Funny Tunes Vol 1 20				
493,/wiki/Gay_Comics_Vol_1_21,Gay Comics Vol 1 21				
494,/wiki/Georgie_Comics_Vol_1_3,Georgie Comics Vol 1 3				
495,/wiki/Human_Torch_Comics_Vol_1_20,Human Torch Vol 1 20				
496,/wiki/Joker_Comics_Vol_1_20,Joker Comics Vol 1 20				
497,/wiki/Kid_Komics_Vol_1_9,Kid Komics Vol 1 9				
498,/wiki/Komic_Kartoons_Vol_1_1,Komic Kartoons Vol 1 1				
499,/wiki/Krazy_Komics_Vol_1_19,Krazy Komics Vol 1 19				
500,/wiki/Krazy_Krow_Vol_1_2,Krazy Krow Vol 1 2				
501,/wiki/Marvel_Mystery_Comics_Vol_1_66,Marvel Mystery Comics Vol 1 66				
502,/wiki/Miss_America_Magazine_Vol_2_6,Miss America Magazine Vol 2 6				
503,/wiki/Miss_Fury_Vol_1_7,Miss Fury Vol 1 7				
504,/wiki/Patsy_Walker_Vol_1_2,Patsy Walker Vol 1 2				
505,/wiki/Silly_Tunes_Vol_1_1,Silly Tunes Vol 1 1				
506,/wiki/Sub-Mariner_Comics_Vol_1_17,Sub-Mariner Comics Vol 1 17				
507,/wiki/Super_Rabbit_Comics_Vol_1_5,Super Rabbit Comics Vol 1 5				
508,/wiki/Terry-Toons_Comics_Vol_1_36,Terry-Toons Comics Vol 1 36				
509,/wiki/Tessie_the_Typist_Vol_1_4,Tessie the Typist Vol 1 4				
510,/wiki/U.S.A._Comics_Vol_1_17,U.S.A. Comics Vol 1 17				
511,/wiki/Young_Allies_Vol_1_17,Young Allies Vol 1 17				
512,/wiki/Captain_America_Comics_Vol_1_50,Captain America Comics Vol 1 50				
513,/wiki/Miss_America_Magazine_Vol_3_1,Miss America Magazine Vol 3 1				
514,/wiki/Terry-Toons_Comics_Vol_1_37,Terry-Toons Comics Vol 1 37				
515,/wiki/Marvel_Mystery_Comics_Vol_1_67,Marvel Mystery Comics Vol 1 67				
516,/wiki/Miss_America_Magazine_Vol_3_2,Miss America Magazine Vol 3 2				
517,/wiki/Terry-Toons_Comics_Vol_1_38,Terry-Toons Comics Vol 1 38				
518,/wiki/All_Winners_Comics_Vol_1_17,All Winners Comics Vol 1 17				
519,/wiki/Captain_America_Comics_Vol_1_51,Captain America Comics Vol 1 51				
520,/wiki/Comedy_Comics_Vol_1_30,Comedy Comics Vol 1 30				
521,/wiki/Gay_Comics_Vol_1_22,Gay Comics Vol 1 22				
522,/wiki/Human_Torch_Comics_Vol_1_21,Human Torch Vol 1 21				
523,/wiki/Krazy_Krow_Vol_1_3,Krazy Krow Vol 1 3				
524,/wiki/Millie_the_Model_Comics_Vol_1_1,Millie the Model Comics Vol 1 1				
525,/wiki/Miss_America_Magazine_Vol_3_3,Miss America Magazine Vol 3 3				
526,/wiki/Miss_Fury_Vol_1_8,Miss Fury Vol 1 8				
527,/wiki/Nellie_the_Nurse_Vol_1_1,Nellie the Nurse Vol 1 1				
528,/wiki/Sub-Mariner_Comics_Vol_1_18,Sub-Mariner Comics Vol 1 18				
529,/wiki/Terry-Toons_Comics_Vol_1_39,Terry-Toons Comics Vol 1 39				
530,/wiki/Tessie_the_Typist_Vol_1_5,Tessie the Typist Vol 1 5				
531,/wiki/Young_Allies_Vol_1_18,Young Allies Vol 1 18				
532,/wiki/Captain_America_Comics_Vol_1_52,Captain America Comics Vol 1 52				
533,/wiki/Comedy_Comics_Vol_1_31,Comedy Comics Vol 1 31				
534,/wiki/Georgie_Comics_Vol_1_4,Georgie Comics Vol 1 4				
535,/wiki/Joker_Comics_Vol_1_21,Joker Comics Vol 1 21				
536,/wiki/Krazy_Komics_Vol_1_20,Krazy Komics Vol 1 20				
537,/wiki/Marvel_Mystery_Comics_Vol_1_68,Marvel Mystery Comics Vol 1 68				
538,/wiki/Terry-Toons_Comics_Vol_1_40,Terry-Toons Comics Vol 1 40				
539,/wiki/Captain_America_Comics_Vol_1_53,Captain America Comics Vol 1 53				
540,/wiki/Marvel_Mystery_Comics_Vol_1_69,Marvel Mystery Comics Vol 1 69				
541,/wiki/Miss_America_Magazine_Vol_3_4,Miss America Magazine Vol 3 4				
542,/wiki/Patsy_Walker_Vol_1_3,Patsy Walker Vol 1 3				
543,/wiki/Silly_Tunes_Vol_1_2,Silly Tunes Vol 1 2				
544,/wiki/Terry-Toons_Comics_Vol_1_41,Terry-Toons Comics Vol 1 41				
545,/wiki/All_Surprise_Vol_1_9,All Surprise Vol 1 9				
546,/wiki/Captain_America_Comics_Vol_1_54,Captain America Comics Vol 1 54				
547,/wiki/Comedy_Comics_Vol_1_32,Comedy Comics Vol 1 32				
548,/wiki/Comic_Capers_Vol_1_5,Comic Capers Vol 1 5				
549,/wiki/Funny_Frolics_Vol_1_3,Funny Frolics Vol 1 3				
550,/wiki/Gay_Comics_Vol_1_23,Gay Comics Vol 1 23				
551,/wiki/Human_Torch_Comics_Vol_1_22,Human Torch Vol 1 22				
552,/wiki/Ideal_Comics_Vol_1_4,Ideal Comics Vol 1 4				
553,/wiki/Kid_Komics_Vol_1_10,Kid Komics Vol 1 10				
554,/wiki/Marvel_Mystery_Comics_Vol_1_70,Marvel Mystery Comics Vol 1 70				
555,/wiki/Miss_America_Magazine_Vol_3_5,Miss America Magazine Vol 3 5				
556,/wiki/Nellie_the_Nurse_Vol_1_2,Nellie the Nurse Vol 1 2				
557,/wiki/Sub-Mariner_Comics_Vol_1_19,Sub-Mariner Comics Vol 1 19				
558,/wiki/Super_Rabbit_Comics_Vol_1_6,Super Rabbit Comics Vol 1 6				
559,/wiki/Terry-Toons_Comics_Vol_1_42,Terry-Toons Comics Vol 1 42				
560,/wiki/Young_Allies_Vol_1_19,Young Allies Vol 1 19				
561,/wiki/Captain_America_Comics_Vol_1_55,Captain America Comics Vol 1 55				
562,/wiki/Dopey_Duck_Comics_Vol_1_2,Dopey Duck Comics Vol 1 2				
563,/wiki/Funny_Tunes_Vol_1_21,Funny Tunes Vol 1 21				
564,/wiki/Georgie_Comics_Vol_1_5,Georgie Comics Vol 1 5				
565,/wiki/Joker_Comics_Vol_1_22,Joker Comics Vol 1 22				
566,/wiki/Krazy_Komics_Vol_1_21,Krazy Komics Vol 1 21				
567,/wiki/Marvel_Mystery_Comics_Vol_1_71,Marvel Mystery Comics Vol 1 71				
568,/wiki/Miss_America_Magazine_Vol_3_6,Miss America Magazine Vol 3 6				
569,/wiki/Patsy_Walker_Vol_1_4,Patsy Walker Vol 1 4				
570,/wiki/Silly_Tunes_Vol_1_3,Silly Tunes Vol 1 3				
571,/wiki/Terry-Toons_Comics_Vol_1_43,Terry-Toons Comics Vol 1 43				
572,/wiki/Captain_America_Comics_Vol_1_56,Captain America Comics Vol 1 56				
573,/wiki/Krazy_Komics_Vol_1_22,Krazy Komics Vol 1 22				
574,/wiki/Marvel_Mystery_Comics_Vol_1_72,Marvel Mystery Comics Vol 1 72				
575,/wiki/Miss_America_Magazine_Vol_4_1,Miss America Magazine Vol 4 1				
576,/wiki/Terry-Toons_Comics_Vol_1_44,Terry-Toons Comics Vol 1 44				
577,/wiki/All_Select_Comics_Vol_1_10,All Select Comics Vol 1 10				
578,/wiki/All_Surprise_Vol_1_10,All Surprise Vol 1 10				
579,/wiki/All_Winners_Comics_Vol_1_18,All Winners Comics Vol 1 18				
580,/wiki/Animated_Movie_Tunes_Vol_1_2,Animated Movie Tunes Vol 1 2				
581,/wiki/Funny_Tunes_Vol_1_22,Funny Tunes Vol 1 22				
582,/wiki/Georgie_Comics_Vol_1_6,Georgie Comics Vol 1 6				
583,/wiki/Human_Torch_Comics_Vol_1_23,Human Torch Vol 1 23				
584,/wiki/Joker_Comics_Vol_1_23,Joker Comics Vol 1 23				
585,/wiki/Kid_Movie_Komics_Vol_1_11,Kid Movie Komics Vol 1 11				
586,/wiki/Marvel_Mystery_Comics_Vol_1_73,Marvel Mystery Comics Vol 1 73				
587,/wiki/Miss_America_Magazine_Vol_4_2,Miss America Magazine Vol 4 2				
588,/wiki/Patsy_Walker_Vol_1_5,Patsy Walker Vol 1 5				
589,/wiki/Silly_Tunes_Vol_1_4,Silly Tunes Vol 1 4				
590,/wiki/Sub-Mariner_Comics_Vol_1_20,Sub-Mariner Comics Vol 1 20				
591,/wiki/Super_Rabbit_Comics_Vol_1_7,Super Rabbit Comics Vol 1 7				
592,/wiki/Terry-Toons_Comics_Vol_1_45,Terry-Toons Comics Vol 1 45				
593,/wiki/Ziggy_Pig-Silly_Seal_Comics_Vol_1_5,Ziggy Pig-Silly Seal Comics Vol 1 5				
594,/wiki/Captain_America_Comics_Vol_1_57,Captain America Comics Vol 1 57				
595,/wiki/Marvel_Mystery_Comics_Vol_1_74,Marvel Mystery Comics Vol 1 74				
596,/wiki/Miss_America_Magazine_Vol_4_3,Miss America Magazine Vol 4 3				
597,/wiki/Terry-Toons_Comics_Vol_1_46,Terry-Toons Comics Vol 1 46				
598,/wiki/Comedy_Comics_Vol_1_33,Comedy Comics Vol 1 33				
599,/wiki/Gay_Comics_Vol_1_24,Gay Comics Vol 1 24				
600,/wiki/Joker_Comics_Vol_1_24,Joker Comics Vol 1 24				
601,/wiki/Krazy_Komics_Vol_1_23,Krazy Komics Vol 1 23				
602,/wiki/Marvel_Mystery_Comics_Vol_1_75,Marvel Mystery Comics Vol 1 75				
603,/wiki/Miss_America_Magazine_Vol_4_4,Miss America Magazine Vol 4 4				
604,/wiki/Patsy_Walker_Vol_1_6,Patsy Walker Vol 1 6				
605,/wiki/Terry-Toons_Comics_Vol_1_47,Terry-Toons Comics Vol 1 47				
606,/wiki/All_Select_Comics_Vol_1_11,All Select Comics Vol 1 11				
607,/wiki/All_Surprise_Vol_1_11,All Surprise Vol 1 11				
608,/wiki/All_Winners_Comics_Vol_1_19,All Winners Comics Vol 1 19				
609,/wiki/Captain_America_Comics_Vol_1_58,Captain America Comics Vol 1 58				
